id,product_name,brand,routine_step,treat_sublabel,distribution_type,website_url,claude_description,how_to_apply,active_ingredients,contraindications,is_pregnancy_safe,is_breastfeeding_safe,skin_type_tags,concern_tags,image_url,is_verified,is_seeded,created_at
00123f3a-2e00-4e1f-931f-1be92869e191,X3M Pure Pore Minimizer Mask,CLINICCARE,Treat,,professional_web,https://www.4tmedical.com/product/skincare/cliniccare-home-skincare/cliniccare-x3m-pure-pore-minimizer-masks/,An active carbon sheet mask that deep cleanses and minimises the appearance of pores. Uses activated charcoal to draw out impurities and excess sebum while Glycerin maintains moisture balance.,Apply to clean skin. Leave on for 10-15 minutes. Remove and gently pat remaining serum into skin. Use once a week. Do not use after professional treatments that sensitise the skin.,"Activated Charcoal, Low Molecular Weight Hyaluronic Acid (6mg/ml), Sodium PCA, L-Arginine","Do not use after CLINICCARE peels, microneedling, dermaplaning or any treatment that sensitises the skin. Not suitable for very sensitive or reactive skin.",true,true,"[""Oily"",""Combination""]","[""acne"",""barrier damage""]",https://www.4tmedical.com/wp-content/uploads/2025/04/Untitled-design-30.jpg,true,true,2026-03-25 17:00:46.747429+00
0472d1b2-e7f7-4457-ba23-973f81c83731,Mineral 89,Vichy,spf,,retail,,,,,,,,[],[],,false,false,2026-03-26 21:49:54.374747+00
07aa43ec-5424-424e-a3ce-a8f5da93a77b,Total Moisture Daily Facial Cream,Medik8,Moisturise,,retail,https://www.cultbeauty.co.uk/images?url=https://static.thcdn.com/productimg/original/15082444-1345208759516930.jpg&format=webp&auto=avif&width=820&height=820&fit=cover&dpr=2,"A rich yet lightweight daily moisturiser that delivers long-lasting hydration and strengthens the skin barrier. Formulated with hyaluronic acid and vitamin E to leave skin feeling soft, plump and comfortable throughout the day.",Apply morning and evening to cleansed skin after serum. Smooth over face and neck using gentle upward strokes until fully absorbed.,,,,,[],[],https://www.lookfantastic.com/images?url=https://static.thcdn.com/productimg/original/15082444-1375323847368194.jpg&format=webp&auto=avif&width=800&height=800&fit=cover&dpr=2,false,false,2026-05-19 21:03:37.296322+00
0a47d19c-071c-4cc9-9d18-7338758f5a2d,EGF Refresh/Tight Mask,CLINICCARE,Treat,,professional_web,https://www.4tmedical.com/product/masks/cliniccare-egf-refresh-tight-mask/,"A skin rejuvenation sheet mask containing Hyaluronic Acid and peptide complexes to firm, tighten and deeply hydrate the skin. Ideal for mature or dehydrated skin needing an instant plumping boost.",Apply to clean skin. Leave on for 15-20 minutes. Remove and gently pat remaining serum into skin. Use once or twice a week.,"Low Molecular Weight Hyaluronic Acid, Peptide complexes",Do not use immediately after professional treatments that compromise the skin barrier.,true,true,"[""Dry"",""Normal""]","[""ageing"",""dehydration"",""barrier damage""]",https://www.4tmedical.com/wp-content/uploads/2025/04/Refresh-mask.jpg,true,true,2026-03-25 17:00:46.747429+00
0b72a8d3-3e6f-4ea0-9262-ce231156bb9d,Cleansing Lotion,CLINICCARE,Cleanse,,professional_web,https://www.4tmedical.com/product/skincare/cliniccare-home-skincare/cliniccare-cleansing-lotion/,A soothing liquid cleanser that gently removes impurities and makeup while calming and hydrating the skin. Ideal for sensitive or reactive skin types that need a gentle first cleansing step.,Apply to a cotton pad or directly to damp skin. Massage gently and rinse thoroughly.,"Low Molecular Weight Hyaluronic Acid, Aloe Vera, Panthenol",Avoid contact with eyes,true,true,"[""Dry"",""Normal"",""Combination""]","[""redness"",""barrier damage"",""dehydration""]",https://www.4tmedical.com/wp-content/uploads/2025/04/Cleasing-Lotion-Home-2025.jpg,true,true,2026-03-25 17:00:46.747429+00
173e1209-3a08-43aa-b9a0-a16ca0b9abb0,LMWHA+ Serum,CLINICCARE,Treat,,professional_web,https://www.4tmedical.com/product/skincare/cliniccare-home-skincare/cliniccare-lmwha-serum-at-home-microneedling/,A specialist serum formulated specifically for use with at-home microneedling or derma rolling devices. Contains 2% vegan Low Molecular Weight Hyaluronic Acid to maximise hydration delivery during needling.,Apply to thoroughly cleansed skin during at-home microneedling or derma rolling treatment only. Do not use as a regular daily serum without a needling device.,"Low Molecular Weight Hyaluronic Acid 2% (20mg/ml), Imperata Cylindrica Root Extract, Glycerin",For use with microneedling devices only. Not for daily use without a device. Avoid on active breakouts or compromised skin. Not suitable during pregnancy.,false,false,"[""Dry"",""Normal"",""Combination""]","[""ageing"",""dehydration"",""barrier damage""]",https://www.4tmedical.com/wp-content/uploads/2025/04/LMWHA-SERUM-1.jpg,true,true,2026-03-25 17:00:46.747429+00
1765c78e-01fb-4872-8cc1-52fb6e05fc79,Hydrating Cream-to-Foam Cleanser,CeraVe,Cleanse,,retail,https://www.lookfantastic.com/p/cerave-hydrating-cream-to-foam-cleanser-236ml/12752234/,,Apply to damp skin morning and evening. Massage gently to work into a lather. Rinse thoroughly.,"Ceramides (1, 3, 6-II), Hyaluronic Acid, Niacinamide",Avoid contact with eyes.,true,true,"[""dry"",""normal"",""combination""]","[""barrier damage"",""dehydration""]",https://www.cerave.co.uk/-/media/project/loreal/brand-sites/cerave/emea/uk/products/hydrating-cream-to-foam-cleanser-236ml/hyrating-cream-to-foam-cleanser-1-lg.jpg?rev=-1?w=500&hash=DD038ED5562D13B4D87AD125354300DE,true,true,2026-03-24 19:35:52.282006+00
189deb9d-f443-4129-9bd2-1231ee9012f1,Aloe suncream,Cosrx,spf,,retail,,"This lightweight sunscreen combines broad-spectrum UV protection with soothing aloe vera to shield skin from sun damage while providing calming hydration. It's recommended for daily use to prevent premature aging, pigmentation, and barrier damage caused by UV exposure.","Apply a generous amount of about a quarter teaspoon to your face, neck, and any exposed areas. Gently massage in using upward motions until fully absorbed. Use daily as the last step of your morning skincare routine, and reapply every two hours if spending extended time outdoors.","Aloe barbadensis leaf extract, Octocrylene, Octinoxate, Titanium Dioxide",Discontinue use if irritation or allergic reaction occurs. Not recommended for those with sensitivity to any listed ingredients. May leave a white cast on darker skin tones.,true,true,"[""dry"",""normal"",""combination""]","[""ageing"",""pigmentation"",""barrier damage""]",,false,false,2026-03-29 20:22:21.527558+00
1a66ac0b-29e0-467c-a3ce-a42a1bb3c9f5,Moisturising Gel Cream,Byoma,Moisturise,,retail,https://byoma.com/products/moisturizing-gel-cream,,Apply 1-2 pumps to clean skin morning and evening after serum. Lightweight gel-cream texture absorbs quickly.,"Tri-Ceramide Complex (Ceramides, Cholesterol, Fatty Acids), Niacinamide, Green Tea Extract","None known. Fragrance-free, oil-free and non-comedogenic.",true,true,"[""oily"",""combination"",""normal""]","[""dehydration"",""barrier damage"",""acne""]",https://uk.byoma.com/cdn/shop/files/610003D_1_c0c15b0f-88bf-4c16-ad1c-e877f7c5070a.png?v=1741952783&width=1680,true,true,2026-03-24 19:36:04.521272+00
1a781dee-bc7e-4c00-9b11-2f3937d5b707,Calm + Restore Oat Gel Cleanser,Aveeno,Cleanse,,retail,https://www.lookfantastic.com/p/aveeno-calm-restore-oat-gel-cleanser-200ml/13386941/,,Apply to damp skin morning and evening. Massage gently and rinse thoroughly.,"Colloidal Oat, Feverfew Extract",Avoid contact with eyes.,true,true,"[""dry"",""normal"",""combination""]","[""redness"",""barrier damage"",""dehydration""]",https://assets.sainsburys-groceries.co.uk/gol/8102684/1/640x640.jpg,true,true,2026-03-24 19:36:01.133181+00
1b47c21c-5bea-47f9-8829-3a1641497c53,Niacinamide 10% + TXA 4% Serum,Anua,Treat,,retail,https://www.lookfantastic.com/p/anua-niacinamide-10-txa-4-serum-30ml/15395080/,,Apply to clean skin morning and evening before moisturiser. Use SPF in the morning.,"Niacinamide 10%, Tranexamic Acid 4%",None known.,true,true,"[""oily"",""combination"",""normal""]","[""pigmentation"",""acne"",""redness""]",https://anua.global/cdn/shop/files/anua-us-ampoule-serum-30ml-niacinamide-10-txa-4-serum-1161173091.png?v=1763979435&width=2000,true,true,2026-03-24 19:35:58.293245+00
1c72a978-5818-4a72-b65d-f11865976b50,Calm + Restore Oat Moisturiser,Aveeno,Moisturise,,retail,https://www.lookfantastic.com/p/aveeno-calm-restore-oat-moisturiser-48ml/13386944/,,Apply morning and evening to clean skin. Lightweight formula suitable for sensitive skin.,"Colloidal Oat, Feverfew, Glycerin",None known.,true,true,"[""dry"",""normal"",""combination""]","[""redness"",""barrier damage"",""dehydration""]",https://assets.sainsburys-groceries.co.uk/gol/8102690/1/640x640.jpg,true,true,2026-03-24 19:36:01.696201+00
1eb7aec6-c539-4a27-bf09-000cb30f0d2f,The 6 Peptide Skin Booster Serum,COSRX,Treat,,retail,https://www.lookfantastic.com/p/cosrx-the-6-peptide-skin-booster-serum-150ml/15212379/,"A lightweight peptide serum that visibly firms and plumps the skin over time. Formulated with six types of peptides to support collagen production and improve skin elasticity, leaving skin looking smoother and more radiant.","After cleansing, apply 2-3 drops to face and neck and press gently into skin. Follow with moisturiser. Use morning and evening.",,,,,[],[],https://www.cultbeauty.co.uk/images?url=https://static.thcdn.com/productimg/original/15212379-1755123706939219.jpg&format=webp&auto=avif&width=820&height=820&fit=cover&dpr=2,false,false,2026-05-19 20:58:12.890033+00
1f5f5a28-e619-4a06-a915-2ef1276cecf1,Concentrated Cleansing Foam,CLINICCARE,Cleanse,,professional_web,https://www.4tmedical.com/product/skincare/cliniccare-professional-skincare/cliniccare-foam-cleansing/,A gentle yet effective foaming cleanser formulated with up to 55% active ingredients to deeply cleanse the skin without stripping its natural moisture barrier. Suitable for all skin types including sensitive skin.,Apply a small amount to damp skin and massage gently in circular motions. Rinse thoroughly with lukewarm water.,"Low Molecular Weight Hyaluronic Acid, Glycerin, Panthenol",Avoid contact with eyes,true,true,"[""Dry"",""Oily"",""Combination"",""Normal""]","[""dehydration"",""barrier damage"",""redness""]",https://www.4tmedical.com/wp-content/uploads/2025/04/CC-cleansing-Foam-2024.jpg,true,true,2026-03-25 17:00:46.747429+00
1fdd5f5d-f37c-43a8-ab87-d661b8692344,X3M Glow Booster,CLINICCARE,Treat,,professional_web,https://www.4tmedical.com/product/skincare/cliniccare-home-skincare/cliniccare-x3m-glow-booster/,"A targeted treatment booster for pigmented and ageing skin containing Azelaic Acid and high concentration Hyaluronic Acid. Addresses hyperpigmentation, uneven skin tone and signs of ageing while delivering deep hydration.",Apply 2-3 drops to clean skin after cleansing. Gently pat into skin. Follow with moisturiser. Start with alternate evenings if skin is sensitive.,"Azelaic Acid (200mg/ml), Low Molecular Weight Hyaluronic Acid, Tranexamic Acid",Avoid use during pregnancy. Patch test recommended. Avoid combining with strong retinol on the same evening.,false,false,"[""Oily"",""Combination"",""Normal""]","[""pigmentation"",""ageing"",""dehydration""]",https://www.4tmedical.com/wp-content/uploads/2025/04/Untitled-design-28.jpg,true,true,2026-03-25 17:00:46.747429+00
20b531c8-3c05-4a41-92c8-211e64f675a9,Effaclar H Iso-Biome Moisturising Cream,La Roche-Posay,Moisturise,,retail,https://www.lookfantastic.com/p/la-roche-posay-effaclar-h-iso-biome-moisturising-cream-40ml/13847201/,,Apply morning and evening to clean skin. Designed to restore comfort to skin that has been sensitised by acne treatments.,"Ceramides, Niacinamide, Thermal Spring Water",None known.,true,true,"[""oily"",""combination"",""dry""]","[""acne"",""barrier damage""]",,true,true,2026-03-24 19:35:51.983215+00
2218af25-a3ab-4c29-ab16-e506b7ac8fa5,Lip & Eye Make-Up Remover,CLINICCARE,Cleanse,,professional_web,https://www.4tmedical.com/product/skincare/cliniccare-home-skincare/cliniccare-lip-eye-make-up-remover/,"A gentle, soothing make-up remover specifically formulated for the delicate eye and lip area. Effectively removes all traces of make-up without tugging or irritating sensitive skin.",Apply to a cotton pad and hold gently over closed eyes for a few seconds before sweeping away. Repeat until all make-up is removed. No need to rinse.,"Glycerin, Panthenol, Chamomile Extract",Avoid direct contact with eyes,true,true,"[""Dry"",""Normal"",""Combination"",""Oily""]","[""redness"",""barrier damage""]",https://www.4tmedical.com/wp-content/uploads/2025/04/LipEye-Makeup-Remover-2025.jpg,true,true,2026-03-25 17:00:46.747429+00
2251b096-cdcb-46ad-b659-9893a5b468ee,Retinol Renewal Cream,CLINICCARE,Moisturise,,professional_web,https://www.4tmedical.com/product/skincare/cliniccare-home-skincare/cliniccare-retinol-renewal-cream/,"An advanced anti-ageing moisturiser containing Retinol and Squalane to stimulate collagen synthesis, accelerate cell renewal and visibly reduce fine lines and wrinkles.",Apply to clean skin in the evening only as the final moisturising step. Start with 2-3 times per week and build to nightly use as tolerated. Always use SPF the following morning.,"Retinol (0.5mg/ml), Squalane (150mg/ml), Vitamin E",Do not use during pregnancy or breastfeeding. Avoid use with other strong acids on the same evening. Always follow with SPF the next morning. Patch test recommended.,false,false,"[""Normal"",""Combination"",""Dry""]","[""ageing"",""dehydration""]",https://www.4tmedical.com/wp-content/uploads/2025/04/Retinol-Renewal-Cream.jpg,true,true,2026-03-25 17:00:46.747429+00
243a9271-39f2-40eb-a3cb-0efa6fc9326a,Dynasty Cream,Beauty of Joseon,Moisturise,,retail,https://www.lookfantastic.com/p/beauty-of-joseon-dynasty-cream-50ml/13386940/,,Apply morning and evening to clean skin after serum. Massage gently until absorbed.,"Rice Bran Water, Ginseng Root Extract, Niacinamide, Adenosine",None known.,true,true,"[""dry"",""normal"",""combination""]","[""ageing"",""dehydration"",""pigmentation""]",https://www.cultbeauty.co.uk/images?url=https://static.thcdn.com/productimg/original/15727666-5725196567736974.jpg&format=webp&auto=avif&width=820&height=820&fit=cover&dpr=2,true,true,2026-03-24 19:35:55.174774+00
27aa09d3-8037-403f-ac41-f1fd65233795,Retinol,Cerave,treat,,retail,,"This lightweight serum delivers encapsulated retinol to help reduce the appearance of fine lines, wrinkles, and uneven skin texture while minimizing irritation. It's recommended for clients seeking anti-aging benefits with a gentle formulation that includes ceramides to support skin barrier health.","Apply a pea-sized amount to clean, dry skin in the evening, 2 to 3 times per week initially, then gradually increase frequency as tolerated. Follow with a moisturizer and always use broad-spectrum SPF 30 or higher during the day.","Retinol, Ceramides (1, 3, 6-II), Hyaluronic Acid, Niacinamide","Avoid if pregnant or breastfeeding. Do not use with vitamin C, benzoyl peroxide, or other retinoids simultaneously. May cause dryness, redness, and sensitivity to sunlight. Avoid use on damaged or compromised skin barrier.",false,false,"[""dry"",""combination"",""normal""]","[""ageing"",""dehydration"",""pigmentation""]",,false,false,2026-03-29 20:21:38.532965+00
2a1bbc28-6b09-4dad-ad3c-091839060500,Crystal Retinal 3,Medik8,Treat,,retail,https://www.lookfantastic.com/p/medik8-crystal-retinal-3-serum-30ml/12097972/,,"Apply two pumps to face and neck in the evening after cleansing. Allow to absorb, then follow with moisturiser. Phase in gradually — use twice a week for two weeks, then every other night, then nightly.","Retinaldehyde 0.03%, Hyaluronic Acid, Glycerin, Vitamin E, Carrot Seed Oil",Avoid during pregnancy and breastfeeding. Always use SPF the following morning. Do not use with other retinoids.,false,false,"[""dry"",""oily"",""combination"",""normal""]","[""ageing"",""pigmentation"",""acne""]",https://scdn.speedsize.com/fd01c063-4aa1-453d-b317-e8f709b2bfe7/www.medik8.com/cdn/shop/files/20230922_-_PDP_Asset_1_-_Crystal_Retinal_3_-_Packshot_-_ROW_c6d00a70-a62a-4e4b-9413-ec7e6cee1a72.jpg?v=1773418581&width=1024,true,true,2026-03-24 19:35:55.746146+00
2a9ec6c6-9aae-4a20-acdc-ae7bab26747f,Hyaluronic Acid Serum,The Inkey List,cleanse,,retail,,,,,,,,[],[],,false,false,2026-03-26 21:50:32.000289+00
2d14da33-badd-4460-aaf4-331358420367,Deep Vita C Pad,Medicube,Treat,,retail,https://www.lookfantastic.com/p/medicube-deep-vita-c-pad/16858536/,,Sweep one pad across clean skin after cleansing. Follow with moisturiser. Use SPF in the morning as it contains vitamin C and exfoliating acids.,"Vitamin C, AHA, Niacinamide",Avoid around the eye area. Use SPF daily.,false,false,"[""oily"",""combination"",""normal""]","[""pigmentation"",""acne""]",https://koreanskincare.co.uk/cdn/shop/files/Product-page-sizes_2020fd15-9e8b-4752-ace6-f870aca732ed.jpg?v=1751277968,true,true,2026-03-24 19:36:03.112823+00
2eb28c8b-8dae-4796-9668-4340643f2fcf,Pro-Collagen Cleansing Balm,Elemis,Cleanse,,retail,https://www.lookfantastic.com/p/elemis-pro-collagen-cleansing-balm-100g/11288642/,,Apply to dry skin. Massage in circular movements to dissolve makeup and impurities. Add water to emulsify to a milky consistency and rinse thoroughly.,"Starflower, Optimega Oil, Rose Hip",None known.,true,true,"[""dry"",""normal"",""combination""]","[""ageing"",""dehydration"",""barrier damage""]",https://www.spacenk.com/dw/image/v2/ABCE_PRD/on/demandware.static/-/Sites-spacenkmastercatalog/default/dw20282b0e/products/ELEMIS/UK200027005_ELEMIS.jpg?sw=582&sh=582,true,true,2026-03-24 19:36:00.538894+00
3461fce0-187a-48d1-9fa8-7c84a4fb8ac9,Cicaplast Baume B5+ Cleanser,La Roche-Posay,Cleanse,,retail,https://www.lookfantastic.com/p/la-roche-posay-cicaplast-b5-anti-bacterial-cleansing-gel-wash-200ml/12021435/,"A gentle yet effective cleansing gel formulated with Cicaplast complex and niacinamide to cleanse and soothe sensitive, irritated or compromised skin without disrupting the skin barrier. Suitable for all skin types including reactive and post-procedure skin.",Apply a small amount to damp skin and massage gently in circular motions. Rinse thoroughly with lukewarm water. Use morning and evening. Follow with your serum and moisturiser.,,,,,[],[],https://www.lookfantastic.com/images?url=https://static.thcdn.com/productimg/original/12021435-1315335528524831.jpg&format=webp&auto=avif&width=820&height=820&fit=cover&dpr=2,false,false,2026-05-20 15:58:30.255121+00
35932875-caab-43d1-8e0e-5780642cbfa3,1nkey Oat Cleansing Milk,1nkey,Cleanse,,retail,,"This gentle cleansing milk removes makeup and impurities while soothing and nourishing the skin with oat extract. It is ideal for practitioners who want to recommend a mild, non-stripping cleanser suitable for sensitive or compromised skin.",Apply a small amount of the cleansing milk to dry skin and massage gently in circular motions for one to two minutes. Rinse thoroughly with lukewarm water or remove with a damp cloth.,"oat extract, botanical extracts",Discontinue use if irritation occurs. Avoid contact with eyes.,true,true,"[""dry"",""sensitive"",""normal"",""Combination"",""Normal""]","[""barrier damage"",""redness"",""dehydration"",""pigmentation"",""ageing""]",,false,false,2026-04-06 18:37:58.279365+00
391ebdc7-ca7e-41d2-8e6b-d3bd7f907d80,X3M EGF Pure Essence,CLINICCARE,Treat,,professional_web,https://www.4tmedical.com/product/skincare/cliniccare-home-skincare/cliniccare-egf-extra-anti-inflammation-essence/,"A soothing anti-inflammatory essence for acne-prone and sensitive skin. Calms redness, controls sebum and delivers targeted hydration with a lightweight texture ideal for oilier skin types.",Apply to clean skin after cleansing. Pat gently across face until absorbed. Follow with moisturiser.,"Cupeptide (10mg/ml), Low Molecular Weight Hyaluronic Acid, Ol-Oligopeptide-1",Patch test recommended for very reactive skin,true,true,"[""Oily"",""Combination""]","[""acne"",""redness"",""barrier damage""]",https://www.4tmedical.com/wp-content/uploads/2025/04/CC-Pure-Essence-2025.jpg,true,true,2026-03-25 17:00:46.747429+00
3de0a547-7b04-46d7-92c0-e221e05ad573,Crystal Retinal 6,Medik8,Treat,,retail,https://www.lookfantastic.com/p/medik8-crystal-retinal-6/11899386/,,"Apply two pumps to face and neck in the evening after cleansing. Allow to absorb, then follow with moisturiser. Phase in gradually — use twice a week for two weeks, then every other night, then nightly.","Retinaldehyde 0.06%, Hyaluronic Acid, Glycerin, Vitamin E, Carrot Seed Oil",Avoid during pregnancy and breastfeeding. Always use SPF the following morning. For experienced retinoid users only.,false,false,"[""dry"",""oily"",""combination"",""normal""]","[""ageing"",""pigmentation"",""acne""]",https://scdn.speedsize.com/fd01c063-4aa1-453d-b317-e8f709b2bfe7/www.medik8.com/cdn/shop/files/20230922_-_PDP_Asset_1_-_Crystal_Retinal_6_-_Packshot_-_ROW_38652d6d-e6fe-4cd4-960a-ed3e0362bf4b.jpg?v=1773418581&width=1024,true,true,2026-03-24 19:35:56.022755+00
43622d0d-f34b-4449-84e3-eb7abc60359c,Foaming Facial Cleanser,CeraVe,Cleanse,,retail,https://www.lookfantastic.com/p/cerave-foaming-facial-cleanser-236ml/11365488/,,Apply to damp skin morning and evening. Work into a rich lather. Rinse thoroughly.,"Ceramides (1, 3, 6-II), Hyaluronic Acid, Niacinamide",Avoid contact with eyes.,true,true,"[""oily"",""combination""]","[""acne""]",https://www.cerave.co.uk/-/media/project/loreal/brand-sites/cerave/emea/uk/products/foaming-cleanser/foaming-cleanser-236ml/foaming-cleanser-236ml-1-lg.jpg?rev=7794ad4da336404b835ea5f1ba1b7f74?w=500&hash=65A438CEFF6F127863D2DFB816FE8B75,true,true,2026-03-24 19:35:52.876163+00
4625349c-0b95-4f4c-8583-7c6e75752bba,EGF Extra Pure Serum,CLINICCARE,Treat,,professional_web,https://www.4tmedical.com/product/skincare/cliniccare-home-skincare/cliniccare-egf-extra-pure-serum/,"A lightweight, fast-absorbing serum containing EGF and high concentration Low Molecular Weight Hyaluronic Acid to deeply hydrate and support skin cell renewal. Suitable for all skin types including sensitive and post-treatment skin.",Apply 2-3 drops to clean skin after cleansing. Gently pat into skin until fully absorbed. Follow with moisturiser.,"EGF (Epidermal Growth Factor), Low Molecular Weight Hyaluronic Acid (20mg/ml), Ol-Oligopeptide-1",Patch test recommended for very sensitive skin,false,false,"[""Dry"",""Normal"",""Combination"",""Oily""]","[""dehydration"",""ageing"",""barrier damage"",""redness""]",https://www.4tmedical.com/wp-content/uploads/2025/04/CC-Pure-Serum-2025.jpg,true,true,2026-03-25 17:00:46.747429+00
47f2276a-b704-4d88-9d42-c0f39da37984,Heartleaf Pore Control Cleansing Oil,Anua,Cleanse,,retail,,"This lightweight cleansing oil effectively dissolves makeup, sunscreen, and oil-based impurities while maintaining skin hydration and barrier integrity. The heartleaf extract and gentle formula make it ideal for removing stubborn residue without stripping your skin in the first cleanse step.",Apply a small amount of cleansing oil to dry facial skin and massage gently in circular motions for one to two minutes. Add a small amount of water to emulsify the product into a milky texture. Rinse thoroughly with lukewarm water.,"Heartleaf Extract, Jojoba Oil, Squalane, Vitamin E","Avoid contact with eyes. If skin irritation occurs, discontinue use. Those with very sensitive skin should patch test first.",true,true,"[""dry"",""combination"",""normal"",""Oily"",""Combination""]","[""barrier damage"",""dehydration"",""acne"",""redness"",""pigmentation"",""ageing""]",https://images.yesstyle.com/images/product/html/productimg_10830_1725360906.jpg,false,false,2026-05-19 19:19:07.698908+00
4a4103e4-52bb-4b85-955f-e4e27c806827,Moisturising Rich Cream,Byoma,Moisturise,,retail,https://byoma.com/products/moisturizing-rich-cream,,Apply 1-2 pumps to clean skin morning and evening after serum. Richer texture ideal for dry skin types.,"Tri-Ceramide Complex, Bakuchiol, Shea Extract",None known. Fragrance-free.,true,true,"[""dry"",""normal""]","[""dehydration"",""barrier damage"",""ageing""]",https://uk.byoma.com/cdn/shop/files/610004D_1_aeb39442-e58a-4209-90eb-f1eab4d94287.png?v=1741952787&width=1680,true,true,2026-03-24 19:36:04.799715+00
4f796a52-01cd-4ce5-82ea-7137b2e2a16f,Sensibio AR Serum,Bioderma,treat,,retail,,,,,,,,[],[],,false,false,2026-03-26 21:50:42.71681+00
50507e61-468f-418b-8e61-8dc7d8020bb0,Lip & Eye Renewal Cream,CLINICCARE,Treat,,professional_web,https://www.4tmedical.com/product/skincare/cliniccare-home-skincare/cliniccare-silky-eye-renewal-cream/,"A rich targeted cream for the delicate eye and lip area combining Hyaluronic Acid and Squalane to deeply nourish, plump fine lines and restore moisture to these high-movement areas.",Apply a small amount around the eye area and lips using the ring finger. Pat gently until absorbed.,"Low Molecular Weight Hyaluronic Acid, Squalane, Peptides",Avoid direct contact with eyes,true,true,"[""Dry"",""Normal"",""Combination""]","[""ageing"",""dehydration""]",https://www.4tmedical.com/wp-content/uploads/2025/04/LipEye-Makeup-Remover-2025.jpg,true,true,2026-03-25 17:00:46.747429+00
521c0d75-aa12-4397-ab48-946cc7ed8c21,Crystal Retinal 20,Medik8,Treat,,retail,https://www.lookfantastic.com/p/medik8-crystal-retinal-20-serum-30ml/15292551/,,Apply two pumps to face and neck in the evening after cleansing. Follow with moisturiser. Only recommended for those who have comfortably completed at least two tubes of Crystal Retinal 10.,"Retinaldehyde 0.2%, Hyaluronic Acid, Glycerin, Vitamin E, Carrot Seed Oil",Avoid during pregnancy and breastfeeding. Always use SPF the following morning. Advanced users only.,false,false,"[""dry"",""oily"",""combination"",""normal""]","[""ageing"",""pigmentation""]",,true,true,2026-03-24 19:35:56.588939+00
524f6d2a-f058-4152-91b1-861094a3d7fb,Relief Sun Aqua-Fresh Rice + B5 SPF50+,Beauty of Joseon,SPF,,retail,https://www.lookfantastic.com/p/beauty-of-joseon-relief-sun-aqua-fresh-rice-b5-spf50-50ml/15507891/,,Apply generously as the last step of your morning routine. Reapply every two hours when outdoors.,"Rice Extract, Panthenol (B5), SPF50+ PA++++",External use only. Avoid contact with eyes.,true,true,"[""oily"",""combination""]","[""dehydration""]",https://www.cultbeauty.co.uk/images?url=https://static.thcdn.com/productimg/original/15821479-8455216753433453.jpg&format=webp&auto=avif&width=820&height=820&fit=cover&dpr=2,true,true,2026-03-24 19:35:54.898542+00
554e933d-9266-44f2-9404-5a4a49c86a93,Hyaluronic Acid Moist Cream,Isntree,Moisturise,,retail,https://www.lookfantastic.com/p/isntree-hyaluronic-acid-moist-cream-100ml/13059869/,,Apply morning and evening to clean skin after serum. Suitable for layering with other hydrating products.,"Hyaluronic Acid (5 types), Panthenol, Allantoin",None known.,true,true,"[""dry"",""normal"",""combination""]","[""dehydration"",""barrier damage""]",https://koreanskincare.co.uk/cdn/shop/files/Product-page-sizes_8c44a3c6-cd7a-46ca-b332-1d46bc690215.jpg?v=1751270776,true,true,2026-03-24 19:35:57.445404+00
5ca61953-8f6e-4c7e-ad39-4a011cd50462,C-Tetra Advanced Vitamin C Serum,Medik8,Treat,,retail,https://www.lookfantastic.com/p/medik8-c-tetra-advanced-30ml/15100000/,,Apply 4-5 drops to clean skin in the morning before moisturiser and SPF. Can be used morning and evening.,"Tetrahexyldecyl Ascorbate (Vitamin C), Vitamin E, Ferulic Acid",None known. Stable form of vitamin C suitable for sensitive skin.,true,true,"[""dry"",""oily"",""combination"",""normal""]","[""pigmentation"",""ageing"",""dehydration""]",https://scdn.speedsize.com/fd01c063-4aa1-453d-b317-e8f709b2bfe7/www.medik8.com/cdn/shop/files/20250227_-_C-Tetra_Advanced_-_PDP_-_Carousel_-_Asset_9_-_ROW.jpg?v=1774628339&width=1024,true,true,2026-03-24 19:35:57.162304+00
5dd9bb25-fd72-4458-8879-5475ca70b904,X3M EGF Glow Liquid Moisturizer,CLINICCARE,Moisturise,,professional_web,https://www.4tmedical.com/product/skincare/cliniccare-home-skincare/cliniccare-egf-extra-anti-pigmentation-toner/,A repairing and protecting liquid moisturiser for pigmented and ageing skin. Contains Sodium PCA to increase water content alongside Vitamin C-rich citrus extracts to brighten and support natural cell renewal.,Apply to clean skin after serum as the final moisturising step. Gently pat over face and neck until absorbed.,"Sodium PCA, Citrus Junos Fruit Extract, Orange Fruit Extract, Low Molecular Weight Hyaluronic Acid",Patch test recommended for sensitive skin,true,true,"[""Normal"",""Combination"",""Dry""]","[""pigmentation"",""ageing"",""dehydration""]",https://www.4tmedical.com/wp-content/uploads/2025/04/CC-Glow-Liquid-2025.jpg,true,true,2026-03-25 17:00:46.747429+00
5fd2720c-ab68-4f03-960e-12af795735dc,Resurfacing Retinol Serum,CeraVe,Treat,,retail,https://www.lookfantastic.com/p/cerave-resurfacing-retinol-serum-30ml/12752237/,,Apply to clean skin in the evening after cleansing. Follow with moisturiser. Always use SPF the next morning.,"Encapsulated Retinol, Ceramides (1, 3, 6-II), Niacinamide",Avoid during pregnancy and breastfeeding. Not suitable for use with other retinoids.,false,false,"[""dry"",""oily"",""combination"",""normal""]","[""acne"",""ageing"",""pigmentation""]",https://www.cerave.co.uk/-/media/project/loreal/brand-sites/cerave/emea/uk/products/latest-packshot-images-for-uk-products/resurfacing-retinol-serum-30ml/resurfacing-retinol-serum-30ml-1-lg.jpg?rev=-1?w=500&hash=23CC2F552A268E936F7AC97377419ABB,true,true,2026-03-24 19:35:53.43719+00
62355e79-9624-4bef-875b-3cf54c43096d,Cicaplast Baume B5+,La Roche-Posay,Moisturise,,retail,https://www.lookfantastic.com/p/la-roche-posay-cicaplast-baume-b5-multi-restorative-soothing-balm-40ml/11291338/,,"Apply a small amount to clean skin morning and evening. Can be used on face and body. Suitable for very dry, irritated and sensitive skin.","Panthenol (Vitamin B5), Madecassoside, Shea Butter, Copper, Zinc, Manganese",None known. Suitable for all ages including babies.,true,true,"[""dry"",""combination"",""normal""]","[""barrier damage"",""redness"",""dehydration""]",https://www.cultbeauty.co.uk/images?url=https://static.thcdn.com/productimg/original/13938508-1485227181179494.jpg&format=webp&auto=avif&width=820&height=820&fit=cover&dpr=2,true,true,2026-03-24 19:35:49.681881+00
655a1a16-d4c5-48b2-96ad-966226ae83ad,Toleriane Sensitive Fluid,La Roche-Posay,Moisturise,,retail,https://www.lookfantastic.com/p/la-roche-posay-toleriane-sensitive-fluide-40ml/11291341/,,Apply morning and evening to clean skin. Lightweight fluid texture absorbs quickly. Ideal for combination skin.,"Niacinamide, Ceramides, Prebiotic Thermal Spring Water",None known. Fragrance-free.,true,true,"[""oily"",""combination""]","[""redness"",""barrier damage""]",https://www.laroche-posay.co.uk/dw/image/v2/AAQP_PRD/on/demandware.static/-/Sites-lrp-ng-master-catalog/en_GB/dw4450e622/LRP_Product/Toleriane/3337875588676_Toleriane_Sensitive_Fluide_40ml_01_La-Roche-Posay.jpg?sw=930&sh=930&sm=cut&sfrm=jpg&q=70,true,true,2026-03-24 19:35:50.36613+00
6d12cafa-8950-4bba-a1f5-991c2e37d14e,Effaclar Serum,La Roche-Posay,treat,,retail,,,,,,,,[],[],,false,false,2026-03-26 21:49:35.5652+00
6d203731-3ec9-471c-b748-10b14ef7c2ad,360° Gel Oil-Free SPF50,Heliocare,SPF,,retail,https://www.lookfantastic.com/p/heliocare-360-oil-free-gel-spf50-50ml/11288640/,,Apply generously to face and neck as the last step of your morning routine. Reapply every two hours when outdoors.,"Fernblock FC (Polypodium leucotomos), SPF50, Vitamin C, Vitamin E",External use only. Avoid contact with eyes.,true,true,"[""oily"",""combination""]","[""acne"",""pigmentation""]",https://cantabrialabs.co.uk/cdn/shop/files/ProductOnly-ProductImages-1100x1530-OilFreeGel.jpg?v=1726145459&width=1100,true,true,2026-03-24 19:35:59.705718+00
73cd0f08-6f49-4dad-a57f-202b138ccfef,Oat-in Calming Gel Cream,PURITO,Moisturise,,retail,https://www.lookfantastic.com/p/purito-oat-in-calming-gel-cream-100ml/13455611/,,Apply morning and evening to clean skin. Lightweight gel-cream texture suitable for layering.,"Oat Kernel Extract, Centella Asiatica, Panthenol",None known.,true,true,"[""dry"",""normal"",""combination""]","[""redness"",""barrier damage"",""dehydration""]",https://koreanskincare.co.uk/cdn/shop/files/Korean-Skincare-Official_1d05e49e-12ae-45f0-a92f-b318782c9d61.jpg?v=1751443517,true,true,2026-03-24 19:35:59.142576+00
756daee2-1518-4974-8309-101ec39fed8f,Premium Time Reverse Hand & Nail Cream,CLINICCARE,Moisturise,,professional_web,https://www.4tmedical.com/product/skincare/cliniccare-home-skincare/cliniccare-premium-time-reverse-hand-nail-cream/,"A rich nourishing hand and nail cream using premium cosmeceutical technology. Deeply hydrates, firms and protects the hands against signs of ageing and environmental damage.",Apply to clean hands and massage until absorbed. Use as often as needed throughout the day particularly after washing hands.,"Hyaluronic Acid, Peptide complexes, Antioxidants",For external use only,true,true,"[""Dry"",""Normal""]","[""ageing"",""dehydration""]",https://www.4tmedical.com/wp-content/uploads/2026/01/CC-Hand-Cream-1.jpg,true,true,2026-03-25 17:00:46.747429+00
76d09164-e7c2-4d36-a372-a8d8223fb46a,Brightening Serum,Byoma,Treat,,retail,https://byoma.com/products/brightening-serum,,Apply 1-2 pumps to clean skin morning and evening before moisturiser. Use SPF in the morning.,"Tri-Ceramide Complex, Niacinamide, Hyaluronic Acid",None known.,true,true,"[""dry"",""oily"",""combination"",""normal""]","[""pigmentation"",""dehydration""]",https://uk.byoma.com/cdn/shop/files/610001D_1_0a976dc6-ea93-42a5-a739-415fe66da5cf.png?v=1741952546&width=1680,true,true,2026-03-24 19:36:03.948471+00
79262574-8480-4e15-b7e4-56f461fe5818,Premium Dermo Corrective Cream SPF50,CLINICCARE,SPF,,professional_web,https://www.4tmedical.com/product/skincare/cliniccare-professional-skincare/cliniccare-premium-dermo-corrective-cream-sp50-medium/,A premium cosmeceutical SPF50 moisturiser providing broad spectrum sun protection whilst actively correcting and protecting the skin. Available in medium tint to even skin tone whilst protecting against UV damage.,Apply generously as the final step of your morning routine after moisturiser. Use at least 15 minutes before sun exposure. Reapply every two hours during prolonged sun exposure.,"SPF50 UV filters, Hyaluronic Acid, Peptide complexes, Antioxidants",For external use only. Avoid contact with eyes. If irritation occurs discontinue use.,true,true,"[""Dry"",""Normal"",""Combination""]","[""ageing"",""pigmentation"",""dehydration""]",https://www.4tmedical.com/wp-content/uploads/2025/04/Dermo-Corrective-Medium.jpg,true,true,2026-03-25 17:00:46.747429+00
7fe3e272-0cda-43d4-a954-2e43f06b3b45,Niacinamide 10% + Zinc 1%,The Ordinary,cleanse,,retail,,,,,,,,[],[],,false,false,2026-03-26 21:49:13.476792+00
80e38dce-7fcc-4917-8607-227275ad2b81,Toleriane Sensitive Riche,La Roche-Posay,Moisturise,,retail,https://www.lookfantastic.com/p/la-roche-posay-toleriane-sensitive-riche-soothing-cream-40ml/11291342/,,"Apply morning and evening to clean, dry skin. Rich cream texture ideal for very dry and sensitive skin.","Niacinamide, Ceramides, Prebiotic Thermal Spring Water",None known. Fragrance-free.,true,true,"[""dry""]","[""redness"",""barrier damage"",""dehydration""]",https://www.laroche-posay.co.uk/dw/image/v2/AAQP_PRD/on/demandware.static/-/Sites-lrp-ng-master-catalog/default/dw549c986c/LRP_Product/Toleriane/3337875588348_Toleriane-Sensitive-Rich-Moisturiser_40ml_01_La-Roche-Posay.jpg?sw=930&sh=930&sm=cut&sfrm=jpg&q=70,true,true,2026-03-24 19:35:50.721113+00
84108f06-5a64-4c1b-96fb-262012a6a98c,Cicaplast Balm B5,La Roche-Posay,Moisturise,,retail,,A soothing balm.,,,,,,[],[],,false,false,2026-03-25 10:24:09.227914+00
845cd84d-6176-4e08-a3ea-d1eee6ae2bf0,Gentle Skin Cleanser,Cetaphil,Cleanse,,retail,https://www.lookfantastic.com/p/cetaphil-gentle-skin-cleanser-250ml/11288643/,,Apply to dry or damp skin morning and evening. Can be rinsed off or wiped away with a soft cloth. Suitable for face and body.,"Glycerin, Niacinamide, Panthenol",None known.,true,true,"[""dry"",""normal"",""combination""]","[""barrier damage"",""redness"",""dehydration""]",https://www.cetaphil.co.uk/dw/image/v2/BGGN_PRD/on/demandware.static/-/Sites-galderma-uk-m-catalog/default/dw39ec60de/5020465202554/frontCopy.png?sw=900&sh=900&sm=fit&q=85,true,true,2026-03-24 19:36:01.986283+00
87f6ce47-ef67-4f50-a1c5-3d37e4c4f54c,EGF Glow Mask,CLINICCARE,Treat,,professional_web,https://www.4tmedical.com/product/skincare/cliniccare-home-skincare/cliniccare-egf-glow-mask/,"A brightening sheet mask for pigmented skin. Contains Hyaluronic Acid and peptide complexes to even skin tone, boost radiance and deliver targeted hydration in a single treatment.",Apply to clean skin. Leave on for 15-20 minutes. Remove and gently pat remaining serum into skin. Use once or twice a week.,"Low Molecular Weight Hyaluronic Acid, Peptide complexes, Vitamin C derivatives",Do not use immediately after professional treatments that compromise the skin barrier.,true,true,"[""Normal"",""Combination"",""Dry""]","[""pigmentation"",""dehydration"",""ageing""]",https://www.4tmedical.com/wp-content/uploads/2025/04/Glow-Mask.jpg,true,true,2026-03-25 17:00:46.747429+00
8869f733-f25b-41e7-9e5d-f969f2961eb8,Melting Balm Cleanser,Byoma,Cleanse,,retail,https://byoma.com/products/melting-balm-cleanser,,Apply to dry skin and massage gently to dissolve makeup and impurities. Add water to emulsify to a milky consistency and rinse thoroughly.,"Tri-Ceramide Complex (Ceramides, Cholesterol, Fatty Acids), Moringa Seed Oil, Squalane",None known. Fragrance-free and suitable for sensitive skin.,true,true,"[""dry"",""normal"",""combination""]","[""barrier damage"",""dehydration""]",https://uk.byoma.com/cdn/shop/files/610044D_1_8c5a4bdf-c2fb-4e2f-97ca-6eccad2ca56f.png?v=1741952783&width=1680,true,true,2026-03-24 19:36:03.390074+00
88db21d1-9567-4365-b478-8a34fc373738,Lip Sleeping Mask Berry,Laneige,Treat,,retail,https://www.lookfantastic.com/p/laneige-lip-sleeping-mask-berry-20g/11288641/,,Apply a generous layer to lips as the final step of your evening routine. Leave on overnight. Remove excess in the morning.,"Vitamin C, Antioxidant Berry Complex, Hyaluronic Acid",External use only.,true,true,"[""dry"",""normal"",""combination"",""oily""]","[""dehydration"",""barrier damage""]",,true,true,2026-03-24 19:35:59.978374+00
8b52b35a-05bb-482e-8e53-cb40d49c464d,X3M EGF Refresh Essence,CLINICCARE,Treat,,professional_web,https://www.4tmedical.com/product/skincare/cliniccare-home-skincare/cliniccare-egf-extra-skin-rejuvenation-essence/,A nourishing essence for dehydrated and ageing skin. Delivers intense hydration and supports skin barrier repair with Hyaluronic Acid and deep ocean water to revitalise and plump the complexion.,Apply to clean skin after cleansing. Pat gently over face and neck until absorbed. Follow with moisturiser.,"Low Molecular Weight Hyaluronic Acid, Deep Ocean Water, Squalane",Patch test recommended,true,true,"[""Dry"",""Normal""]","[""ageing"",""dehydration"",""barrier damage""]",https://www.4tmedical.com/wp-content/uploads/2025/04/CC-Refresh-Essence-2025.jpg,true,true,2026-03-25 17:00:46.747429+00
8b84e9b7-ec97-4c2a-a9d4-564eeeb77cac,Oat Cleansing milk,The Inkey List,Cleanse,,retail,,This gentle cleansing water removes makeup and impurities while soothing and hydrating your skin with oat extract. It's ideal for sensitive or reactive skin types that need effective cleansing without harsh ingredients.,Saturate a cotton pad with the cleansing water and gently sweep across your face and neck to remove makeup and impurities. Follow with your regular skincare routine. No rinsing required.,"Oat extract, glycerin, rose water",Discontinue use if irritation occurs. Avoid contact with eyes.,true,true,"[""dry"",""sensitive"",""normal"",""combination"",""Dry"",""Oily"",""Combination"",""Normal""]","[""redness"",""dehydration"",""barrier damage"",""pigmentation"",""ageing""]",https://www.theinkeylist.com/products/oat-cleansing-water,false,false,2026-05-19 19:22:47.635961+00
8fcee1e9-8302-45e0-a92b-6b9597366cee,Cicalfate+ Restorative Protective Cream,Avene,Moisturise,,retail,https://www.lookfantastic.com/p/avene-cicalfate-restorative-protective-cream-100ml/11402186/,,Apply a thin layer to clean skin as needed. Can be used on face and body. Ideal after treatments or procedures.,"Sucralfate, Zinc, Thermal Spring Water",None known.,true,true,"[""dry"",""normal"",""combination""]","[""barrier damage"",""redness""]",https://media.superdrug.com//medias/sys_master/prd-images/h2f/hd0/12899416932382/prd-front-802615_600x600/prd-front-802615-600x600.jpg,true,true,2026-03-24 19:35:59.413621+00
92d90bba-069b-477f-bdd7-6678af3f1654,X3M EGF Pure Liquid Moisturizer,CLINICCARE,Moisturise,,professional_web,https://www.4tmedical.com/product/skincare/cliniccare-home-skincare/cliniccare-egf-extra-anti-inflammation-toner/,"A repairing and soothing antioxidant liquid moisturiser for sensitive, inflamed and acne-prone skin. Calms irritation and controls breakouts while delivering deep hydration with a toner-like texture ideal for oilier skin types.",Apply to clean skin after serum as the final moisturising step. Pat over face and neck until absorbed.,"Low Molecular Weight Hyaluronic Acid, Cupeptide, Ol-Oligopeptide-1",Patch test recommended,true,true,"[""Oily"",""Combination""]","[""acne"",""redness"",""barrier damage"",""dehydration""]",https://www.4tmedical.com/wp-content/uploads/2025/04/CC-Pure-Liquid-2025.jpg,true,true,2026-03-25 17:00:46.747429+00
97085328-cca9-430b-a049-a0d2e5884b38,Heartleaf 77% Soothing Toner,Anua,Treat,,retail,https://www.lookfantastic.com/p/anua-heartleaf-77-soothing-toner-250ml/14688076/,,Apply to clean skin after cleansing using a cotton pad or hands. Pat gently into skin before serum.,"Heartleaf Extract 77%, Niacinamide, Panthenol",None known.,true,true,"[""oily"",""combination"",""normal""]","[""acne"",""redness"",""barrier damage""]",https://anua.global/cdn/shop/files/anua-us-toner-heartleaf-77-soothing-toner-1161173062.png?v=1746609345&width=2000,true,true,2026-03-24 19:35:58.012771+00
97374b1c-b14e-4ab5-9986-eb9d126c953a,2% BHA Liquid Exfoliant,Paula's Choice,moisturise,,retail,,,,,,,,[],[],,false,false,2026-03-26 21:50:48.197802+00
9f7a625c-f469-44cd-9048-98998c4535b9,X3M EGF Glow Serum,CLINICCARE,Treat,,professional_web,https://www.4tmedical.com/product/skincare/cliniccare-home-skincare/cliniccare-egf-extra-anti-pigmentation-serum/,"A brightening serum supercharged with skin brighteners, antioxidants and peptides to protect and repair the skin. Targets hyperpigmentation, age spots and sun damage while providing deep hydration.",Apply to clean skin after cleansing. Gently pat a small amount over the face until absorbed. Follow with moisturiser.,"Arbutin, Beta Glucan, Low Molecular Weight Hyaluronic Acid (10mg/ml), Ol-Oligopeptide-1",Patch test recommended. Avoid use on broken or compromised skin.,false,false,"[""Normal"",""Combination"",""Dry""]","[""pigmentation"",""ageing"",""dehydration""]",https://www.4tmedical.com/wp-content/uploads/2025/04/CC-Glow-Serum-2025.jpg,true,true,2026-03-25 17:00:46.747429+00
a157832a-19ce-4342-a53e-d6db92a2e87f,Hydrating Facial Cleanser,CeraVe,Cleanse,,retail,https://www.lookfantastic.com/p/cerave-hydrating-facial-cleanser-236ml/11365487/,,Apply to damp skin morning and evening. Massage gently without lathering. Rinse thoroughly.,"Ceramides (1, 3, 6-II), Hyaluronic Acid, Niacinamide",Avoid contact with eyes.,true,true,"[""dry"",""normal""]","[""barrier damage"",""dehydration""]",https://www.cerave.co.uk/-/media/project/loreal/brand-sites/cerave/emea/uk/products/hydrating-cleanser-latest/hydrating-cleanser-1l-1-lg.jpg?rev=99ea0f64069946dda0785acb0666b45a?w=500&hash=52F1216A7656D40DDA71B6C5F1FAC2E3,true,true,2026-03-24 19:35:52.587029+00
a345f245-f35a-46c5-8bda-e5a902cafe60,Relief Sun Rice + Probiotics SPF50+,Beauty of Joseon,SPF,,retail,https://www.lookfantastic.com/p/beauty-of-joseon-relief-sun-rice-probiotics-spf50-50ml/13386942/,,Apply generously as the last step of your morning routine. Reapply every two hours when outdoors.,"Rice Extract 30%, Grain Probiotics, Niacinamide, SPF50+ PA++++",External use only. Avoid contact with eyes.,true,true,"[""dry"",""normal"",""combination""]","[""redness"",""dehydration""]",https://www.cultbeauty.co.uk/images?url=https://static.thcdn.com/productimg/original/15443553-1365171145532989.jpg&format=webp&auto=avif&width=820&height=820&fit=cover&dpr=2,true,true,2026-03-24 19:35:54.620869+00
a4eff33c-595f-42ea-a67e-0c80be07571a,Zero Pore Pad Mild,Medicube,Treat,,retail,https://www.lookfantastic.com/p/medicube-zero-pore-pad-mild-70pcs/16858550/,,Sweep one pad across clean skin after cleansing. Can be left on for 10-15 minutes as a targeted treatment. Follow with moisturiser.,"PHA (Gluconolactone), Panthenol, Madecassoside",Avoid around the eye area. Use SPF as it contains exfoliating acids. Suitable for sensitive skin.,true,true,"[""dry"",""oily"",""combination"",""normal""]","[""acne"",""redness"",""barrier damage""]",https://www.cultbeauty.co.uk/images?url=https://static.thcdn.com/productimg/original/16858550-2085256688789110.jpg&format=webp&auto=avif&width=820&height=820&fit=cover&dpr=2,true,true,2026-03-24 19:36:02.827481+00
a7ccaa69-0ea2-4b3b-ba3a-c7e57487467d,Heartleaf Blemish Serum,Anua,Treat,,retail,https://www.lookfantastic.com/p/anua-heartleaf-blemish-serum-30ml/15200000/,,Apply to clean skin after toner. Focus on areas prone to blemishes. Follow with moisturiser.,"Heartleaf Extract, Salicylic Acid, Niacinamide",Use SPF in the morning as it contains salicylic acid.,false,false,"[""oily"",""combination""]","[""acne"",""redness""]",,true,true,2026-03-24 19:35:58.570914+00
a911b437-c5e8-4103-baf7-cf85ddd2396c,Wonder Releaf Centella Unscented Serum,PURITO,Treat,,retail,https://www.lookfantastic.com/p/purito-wonder-releaf-centella-unscented-serum-60ml/12970428/,,Apply to clean skin morning and evening after toner. Pat gently until absorbed. Follow with moisturiser.,"Centella Asiatica Extract 49%, Panthenol, Allantoin",None known. Fragrance-free and suitable for sensitive skin.,true,true,"[""dry"",""oily"",""combination"",""normal""]","[""redness"",""barrier damage"",""acne""]",https://koreanskincare.co.uk/cdn/shop/files/1_63bd5f2e-2916-453a-9017-d738ddd4ccd2.jpg?v=1751288744,true,true,2026-03-24 19:35:58.8705+00
b12b07a1-91c9-4c27-b1fe-2c2222d50a9f,Nourishing Omega-Rich Cleansing Oil,Elemis,Cleanse,,retail,https://www.lookfantastic.com/p/elemis-nourishing-omega-rich-cleansing-oil-195ml/12970429/,,Apply to dry skin. Massage gently to melt away makeup and impurities. Add water to emulsify and rinse thoroughly.,"Starflower Oil, Rosehip Oil, Omega 3, 6 and 9",None known.,true,true,"[""dry"",""normal""]","[""dehydration"",""ageing"",""barrier damage""]",,true,true,2026-03-24 19:36:00.834113+00
b215139a-f82b-41db-9708-7c4a3bb49793,EGF Pure Mask,CLINICCARE,Treat,,professional_web,https://www.4tmedical.com/product/skincare/cliniccare-home-skincare/cliniccare-egf-pure-mask/,"A sheet mask for inflammatory-prone and sensitive skin. Contains Hyaluronic Acid complexes to calm redness, reduce inflammation and deliver intense hydration in a single treatment.",Apply to clean skin. Leave on for 15-20 minutes. Remove and gently pat remaining serum into skin. Use once or twice a week.,"Low Molecular Weight Hyaluronic Acid, Hyaluronidase",Do not use immediately after professional treatments that compromise the skin barrier such as peels or microneedling.,true,true,"[""Dry"",""Normal"",""Combination"",""Oily""]","[""redness"",""barrier damage"",""dehydration"",""acne""]",https://www.4tmedical.com/wp-content/uploads/2025/04/pure-mask-1.jpg,true,true,2026-03-25 17:00:46.747429+00
b30ff9a9-6543-4c77-b6bf-ac1d584b5656,Moisturising Lotion,Cetaphil,Moisturise,,retail,https://www.lookfantastic.com/p/cetaphil-moisturising-lotion-250ml/11288644/,,Apply morning and evening to clean skin. Can be used on face and body.,"Glycerin, Sweet Almond Oil, Vitamin B5",None known.,true,true,"[""dry"",""normal""]","[""dehydration"",""barrier damage""]",https://www.cetaphil.co.uk/dw/image/v2/BGGN_PRD/on/demandware.static/-/Sites-galderma-uk-m-catalog/default/dwbe7a7ce4/3499320004557/frontshot.png?sw=900&sh=900&sm=fit&q=85,true,true,2026-03-24 19:36:02.26348+00
b3c27754-8bbf-414b-9bdb-747e7f61fa5c,Effaclar Duo+ Acne Treatment,La Roche-Posay,Treat,,retail,https://www.lookfantastic.com/p/la-roche-posay-effaclar-duo-40ml/11291332/,,Apply once or twice daily to clean skin after serum. Can be used as an all-over moisturiser for oily and acne-prone skin.,"Niacinamide, LHA, Salicylic Acid, Zinc PCA",Avoid around the eye area. Use SPF during the day as it contains an exfoliating acid.,false,false,"[""oily"",""combination""]","[""acne"",""pigmentation""]",,true,true,2026-03-24 19:35:51.032222+00
b473a023-01e2-49cc-b37f-02123390047d,Advanced Snail 96 Mucin Power Essence,COSRX,Treat,,retail,https://www.lookfantastic.com/p/cosrx-advanced-snail-96-mucin-power-essence-100ml/11401174/,,Apply a small amount to clean skin morning and evening before moisturiser. Pat gently into skin until fully absorbed.,"Snail Secretion Filtrate 96%, Sodium Hyaluronate, Panthenol, Allantoin",Not suitable for those with shellfish allergies. Patch test recommended.,true,true,"[""dry"",""oily"",""combination"",""normal""]","[""barrier damage"",""dehydration"",""ageing""]",https://www.cosrx.com/cdn/shop/files/james_800x1067_1_1_4e9750cc-2cd6-4817-ace5-be2305a85806.jpg?v=1763111577,true,true,2026-03-24 19:35:53.727056+00
b4fa1055-097c-4463-a501-db753f2d12d6,Lip Sleeping Mask Vanilla,Laneige,Treat,,retail,https://www.lookfantastic.com/p/laneige-lip-sleeping-mask-vanilla-20g/12970427/,,Apply a generous layer to lips as the final step of your evening routine. Leave on overnight. Remove excess in the morning.,"Vitamin C, Antioxidant Berry Complex, Hyaluronic Acid",External use only.,true,true,"[""dry"",""normal"",""combination"",""oily""]","[""dehydration"",""barrier damage""]",,true,true,2026-03-24 19:36:00.253556+00
b6c37aec-3070-436f-9664-f884662bb6cd,Aloe Soothing Sunscreen SPF50,COSRX,SPF,,retail,https://www.lookfantastic.com/p/cosrx-aloe-soothing-spf50-pa-sun-cream-50ml/11401177/,,"Apply generously to face and neck as the final step of your morning routine, at least 15 minutes before sun exposure. Reapply every two hours outdoors.","Aloe Vera, SPF50 PA+++",External use only. Avoid contact with eyes.,true,true,"[""dry"",""normal"",""combination""]","[""redness"",""dehydration""]",https://www.cosrx.com/cdn/shop/files/aloe-soothing-sun-cream-spf50-pa-cosrx-official-1.jpg?v=1724835559,true,true,2026-03-24 19:35:54.048119+00
b71f1428-b095-4003-9184-f18040c1510b,Moisturiser,Cerave,moisturise,,retail,,"This rich, fragrance-free moisturizer is formulated with ceramides and hyaluronic acid to restore and maintain the skin's natural barrier while providing long-lasting hydration. Dermatologists recommend it for all skin types, especially sensitive or compromised skin, as it helps repair and protect the skin barrier without irritating ingredients.","Apply a generous amount to clean, damp skin morning and night. Gently massage the cream over your face and neck using upward motions until fully absorbed. You can also apply it to other dry areas of the body as needed.","Ceramides (1, 3, 6-II), Hyaluronic Acid, Cholesterol, Phytosphingosine, Niacinamide",Discontinue use if you experience signs of irritation or allergic reaction. Avoid contact with eyes.,true,true,"[""dry"",""oily"",""combination"",""normal""]","[""barrier damage"",""dehydration"",""redness""]",,false,false,2026-03-29 20:21:56.665681+00
bdff7a63-ff57-4ac7-a3de-71349f170747,X3M EGF Refresh Liquid Moisturizer,CLINICCARE,Moisturise,,professional_web,https://www.4tmedical.com/product/skincare/cliniccare-home-skincare/cliniccare-egf-extra-skin-rejuvenation-toner/,A repairing and protective liquid moisturiser for dehydrated and ageing skin. Uses moisture-lock technology with Squalane and Hyaluronic Acid to maintain hydration throughout the day and protect against environmental damage.,Apply to clean skin after serum as the final moisturising step. Pat over face and neck until absorbed.,"Low Molecular Weight Hyaluronic Acid, Squalane, Beta Glucan",Patch test recommended for sensitive skin,true,true,"[""Dry"",""Normal""]","[""ageing"",""dehydration"",""barrier damage""]",https://www.4tmedical.com/wp-content/uploads/2025/04/CC-Refresh-Liquid-2025.jpg,true,true,2026-03-25 17:00:46.747429+00
c0d9abce-9004-4af5-8df1-b574e2b90b2c,Premium Time Reverse Mask,CLINICCARE,Treat,,professional_web,https://www.4tmedical.com/product/skincare/cliniccare-home-skincare/cliniccare-premium-time-reverse-mask/,"A premium hydrogel face mask using cosmeceutical technology to deliver intense anti-ageing actives deep into the skin. Firms, plumps and revitalises mature skin with a single treatment.",Apply to clean skin. Leave on for 20-30 minutes. Remove and gently pat remaining serum into skin. Use once or twice a week.,"Hyaluronic Acid, Peptide complexes, Antioxidants",Patch test recommended for very sensitive skin,true,true,"[""Dry"",""Normal""]","[""ageing"",""dehydration""]",https://www.4tmedical.com/wp-content/uploads/2025/04/Untitled-design-31.jpg,true,true,2026-03-25 17:00:46.747429+00
c5c05548-e0d6-4a95-ba43-aad9bffafdf9,C E Ferulic,Skinceuticals,spf,,retail,,,,,,,,[],[],,false,false,2026-03-26 21:50:52.735594+00
c602f749-ba44-4fa4-9a0c-59d0a2d01939,Press & Glow Daily Exfoliating PHA Toner,Medik8,Treat,,retail,https://www.lookfantastic.com/p/medik8-press-glow-daily-exfoliating-pha-toner-200ml/13079684/,,Apply to clean skin morning or evening using a cotton pad. Sweep across face and neck. Follow with serum and moisturiser. Use SPF in the morning.,"Gluconolactone (PHA), Lactobionic Acid, Glycerin",Avoid contact with eyes. Use SPF as exfoliating acids increase photosensitivity.,true,true,"[""dry"",""oily"",""combination"",""normal""]","[""ageing"",""pigmentation"",""dehydration""]",https://scdn.speedsize.com/fd01c063-4aa1-453d-b317-e8f709b2bfe7/www.medik8.com/cdn/shop/files/20230922-PDPAsset1-Press_Glow-Packshot-ROW.jpg?v=1698420523&width=1024,true,true,2026-03-24 19:35:56.865829+00
ca508d5a-3bca-4a7f-8cfc-e968f4103281,Premium Time Reverse Cream,CLINICCARE,Moisturise,,professional_web,https://www.4tmedical.com/product/skincare/cliniccare-home-skincare/cliniccare-premium-time-reverse-cream/,A premium cosmeceutical anti-ageing face and neck cream. Intensely nourishes and firms while reducing the visible signs of ageing with a rich yet fast-absorbing formula.,Apply to clean skin after serum as the final moisturising step. Massage gently over face and neck until absorbed.,"Hyaluronic Acid, Peptide complexes, Antioxidants, Squalane",Patch test recommended for very sensitive skin,true,true,"[""Dry"",""Normal""]","[""ageing"",""dehydration"",""barrier damage""]",https://www.4tmedical.com/wp-content/uploads/2025/04/cliniccare-premium-time-reverse-cream.jpeg,true,true,2026-03-25 17:00:46.747429+00
ca6ce88b-baa1-4a49-9cc5-768fa3875099,Relief Sun Rice + Probiotics SPF50+ PA++++,Beauty of Joseon,SPF,,retail,https://www.lookfantastic.com/p/beauty-of-joseon-relief-sun-rice-probiotics-spf50-50ml/15443553/,A beloved K-beauty SPF that provides broad spectrum sun protection whilst leaving a beautiful luminous finish. Formulated with rice extract and probiotics to brighten and soothe the skin simultaneously. Weightless texture with no white cast.,Apply generously as the final step of your morning routine after moisturiser. Use at least a teaspoon for face and neck. Reapply every two hours during sun exposure.,,,,,[],[],https://www.cultbeauty.co.uk/images?url=https://static.thcdn.com/productimg/original/15443553-1365171145532989.jpg&format=webp&auto=avif&width=820&height=820&fit=cover&dpr=2,false,false,2026-05-19 21:01:14.555395+00
cb2cb323-baf4-47e7-afc0-9f3b4e698d34,Calm + Restore Triple Oat Serum,Aveeno,Treat,,retail,https://www.lookfantastic.com/p/aveeno-calm-restore-triple-oat-serum-30ml/13386943/,https://assets.sainsburys-groceries.co.uk/gol/8102688/1/640x640.jpg,Apply morning and evening to clean skin before moisturiser. Gentle enough for sensitive and reactive skin.,"Colloidal Oat, Oat Extract, Feverfew",None known.,true,true,"[""dry"",""normal"",""combination""]","[""redness"",""barrier damage"",""dehydration""]",,true,true,2026-03-24 19:36:01.417031+00
d13a0afe-265a-4ef5-8f19-ba9d898c5f55,Heartleaf Quercetinol Pore Deep Cleansing Foam,Anua,Cleanse,,retail,https://www.lookfantastic.com/p/anua-heartleaf-quercetinol-pore-deep-cleansing-foam-150ml/15137660/,,Apply to damp skin morning and evening. Work into a lather and rinse thoroughly.,"Heartleaf Extract 77%, Quercetinol, Niacinamide",Avoid contact with eyes.,true,true,"[""oily"",""combination""]","[""acne"",""redness""]",https://anua.global/cdn/shop/files/anua-us-cleanser-150ml-heartleaf-quercetinol-pore-deep-cleansing-foam-1161173162.png?v=1746611014&width=2000,true,true,2026-03-24 19:35:57.726133+00
d143200e-a517-4ee3-8d80-c3ee4b6674a2,Toleriane Rosaliac AR SPF30,La Roche-Posay,SPF,,retail,https://www.lookfantastic.com/p/la-roche-posay-toleriane-teint-rosaliac-ar-spf30-50ml/11291337/,,Apply generously as the last step of your morning routine. Provides coverage while protecting redness-prone skin.,"Ambophenol, Niacinamide, SPF30",External use only. Avoid contact with eyes.,true,true,"[""normal"",""combination"",""dry""]","[""redness""]",https://www.laroche-posay.co.uk/dw/image/v2/AAQP_PRD/on/demandware.static/-/Sites-lrp-ng-master-catalog/default/dw81a1fbf5/LRP_Product/Toleriane/3337875806961_Toleriane-Rosaliac-AR-Moisturiser-SPF30_40ml_01_La-Roche-Posay.jpg?sw=930&sh=930&sm=cut&sfrm=jpg&q=70,true,true,2026-03-24 19:35:51.342906+00
d250d930-11c3-4bea-a2aa-9c1ff583546c,Crystal Retinal 10,Medik8,Treat,,retail,https://www.lookfantastic.com/p/medik8-crystal-retinal-10/11899387/,,Apply two pumps to face and neck in the evening after cleansing. Follow with moisturiser. For experienced retinoid users only.,"Retinaldehyde 0.1%, Hyaluronic Acid, Glycerin, Vitamin E, Carrot Seed Oil",Avoid during pregnancy and breastfeeding. Always use SPF the following morning. Only suitable for those who have completed at least two tubes of Crystal Retinal 6.,false,false,"[""dry"",""oily"",""combination"",""normal""]","[""ageing"",""pigmentation""]",https://scdn.speedsize.com/fd01c063-4aa1-453d-b317-e8f709b2bfe7/www.medik8.com/cdn/shop/files/20230922_-_PDP_Asset_1_-_Crystal_Retinal_10_-_Packshot_-_ROW_e81f77b0-7faa-4f77-8bce-d33dd82ee094.jpg?v=1773418581&width=1024,true,true,2026-03-24 19:35:56.298468+00
d4a83f18-ddd1-4446-aadb-3fa22e961ab0,Clarifying Serum,Byoma,Treat,,retail,https://byoma.com/products/clarifying-serum,,Apply 1-2 pumps to clean skin morning and evening before moisturiser. Use SPF in the morning as it contains an exfoliating acid.,"Tri-Ceramide Complex, Blue Tansy, PHA, Zinc",None known.,true,true,"[""oily"",""combination""]","[""acne"",""barrier damage""]",https://uk.byoma.com/cdn/shop/files/610002D_1_141b7234-c1f9-41cd-a3ec-a076192eaae2.png?v=1741952641&width=1680,true,true,2026-03-24 19:36:04.223486+00
d4bedd3e-794d-4cf5-980a-a242992054cb,X3M EGF Refresh Serum,CLINICCARE,Treat,,professional_web,https://www.4tmedical.com/product/skincare/cliniccare-home-skincare/cliniccare-egf-extra-skin-rejuvenation-serum/,"An anti-ageing serum developed with moisture-lock technology. Formulated with Hyaluronic Acid, Squalane and Beta Glucan to fortify and repair the skin moisture barrier, activate cell regeneration and protect against free radical damage.",Apply to clean skin after cleansing. Gently pat over face and neck until absorbed. Follow with moisturiser.,"Low Molecular Weight Hyaluronic Acid, Squalane, Beta Glucan, Ol-Oligopeptide-1",Patch test recommended for sensitive skin,true,true,"[""Dry"",""Normal""]","[""ageing"",""dehydration"",""barrier damage""]",https://www.4tmedical.com/wp-content/uploads/2025/04/CC-Refresh-Serum-2025-3.jpg,true,true,2026-03-25 17:00:46.747429+00
d671de7d-d998-4d41-80c2-69bad0149503,Effaclar Purifying Foaming Gel Cleanser,La Roche-Posay,Cleanse,,retail,https://www.lookfantastic.com/p/la-roche-posay-effaclar-purifying-foaming-gel-400ml/11291330/,,"Apply to damp face morning and evening. Lather gently, rinse thoroughly with water.","Zinc, Thermal Spring Water",Avoid contact with eyes.,true,true,"[""oily"",""combination""]","[""acne""]",https://www.laroche-posay.co.uk/dw/image/v2/AAQP_PRD/on/demandware.static/-/Sites-lrp-ng-master-catalog/en_GB/dw9e633733/LRP_Product/Effaclar/3337872411991_Effaclar-Purifying-Cleansing-Gel_400ml_01_La-Roche-Posay.jpg?sw=930&sh=930&sm=cut&sfrm=jpg&q=70,true,true,2026-03-24 19:35:51.661276+00
d84b9dcb-e554-45d4-b25a-a1530024344f,La Roche-Posay Cicaplast Balm B5,La Roche-Posay,Cleanse,,retail,,"This rich, creamy cleanser is formulated to gently remove makeup and impurities while protecting and repairing compromised skin barriers. It's ideal for practitioners recommending a non-stripping cleanse for sensitized, irritated, or damaged skin.",Apply a small amount to damp skin and massage gently in circular motions. Rinse thoroughly with water or use with a cleansing cloth. Use morning and evening as your primary cleanser or second cleanse.,"Niacinamide, Ceramides, Centella asiatica, Madecassoside, Panthenol (Pro-Vitamin B5), Prebiotic Thermal Water",Avoid if allergic to any ingredients. Discontinue if irritation occurs. Not recommended for use with other strong actives on the same day.,true,true,"[""dry"",""sensitive"",""combination""]","[""barrier damage"",""redness""]",,false,false,2026-04-10 12:48:19.940065+00
d85e3270-32f5-4bbb-b979-e49419cc9fda,Hydrating Cleanser,CeraVe,moisturise,,retail,,,,,,,,[],[],,false,false,2026-03-26 21:49:50.575028+00
e4612f30-81c7-405a-bee9-b595a5ca93ec,Hydrating Serum,Byoma,Treat,,retail,https://byoma.com/products/hydrating-serum,,Apply 1-2 pumps to clean skin morning and evening before moisturiser. Pat gently until absorbed.,"Tri-Ceramide Complex, Squalane, Glycerin",None known. Fragrance-free and suitable for all skin types.,true,true,"[""dry"",""oily"",""combination"",""normal""]","[""dehydration"",""barrier damage""]",https://uk.byoma.com/cdn/shop/files/610000D_1_e2c22801-da47-4386-a584-48a51c5a26cb.png?v=1741952639&width=1680,true,true,2026-03-24 19:36:03.659572+00
e8846b3a-f874-46de-b196-8a249226718a,Toleriane Sensitive Crème,La Roche-Posay,Moisturise,,retail,https://www.lookfantastic.com/p/la-roche-posay-toleriane-sensitive-creme-40ml/11291340/,,"Apply morning and evening to clean, dry skin. Use gentle circular motions until fully absorbed.","Niacinamide, Ceramides, Prebiotic Thermal Spring Water",None known. Fragrance-free and suitable for very sensitive skin.,true,true,"[""dry"",""normal""]","[""redness"",""barrier damage"",""dehydration""]",https://www.laroche-posay.co.uk/dw/image/v2/AAQP_PRD/on/demandware.static/-/Sites-lrp-ng-master-catalog/default/dwf0818b01/LRP_Product/Toleriane/3337875578486_Toleriane-Sensitive-Cream-Moisturiser_40ml_01_La-Roche-Posay.jpg?sw=930&sh=930&sm=cut&sfrm=jpg&q=70,true,true,2026-03-24 19:35:50.033347+00
ea94c416-2fd6-4fae-b107-0565db36f145,Zero Pore Pad 2.0,Medicube,Treat,,retail,https://www.lookfantastic.com/p/medicube-zero-pore-pad-2.0/16858532/,,"Sweep one pad across clean skin after cleansing. Use the textured side first to exfoliate, then the smooth side to soothe. Follow with moisturiser. Use SPF the next morning.","Salicylic Acid, Lactic Acid, AHA Fruit Complex",Avoid around the eye area. Use SPF as it contains exfoliating acids. Not suitable during pregnancy.,false,false,"[""oily"",""combination""]","[""acne"",""pigmentation""]",https://koreanskincare.co.uk/cdn/shop/files/Product-page-sizes_8bee2700-ab48-4987-a046-9b0ac2d17169.jpg?v=1751274396,true,true,2026-03-24 19:36:02.549711+00
eb577af9-70e6-4358-8d07-b7ac23eb4a24,Revive Eye Serum Ginseng + Retinal,Beauty of Joseon,Treat,,retail,https://www.lookfantastic.com/p/beauty-of-joseon-revive-eye-serum-ginseng-retinal-30ml/14866956/,,Apply a small amount around the eye area morning and evening using ring fingers. Tap gently until absorbed.,"Retinal 2% Liposome, Ginseng Root Extract 10%, Niacinamide, Glycerin",Avoid during pregnancy and breastfeeding due to retinal content.,false,false,"[""dry"",""oily"",""combination"",""normal""]","[""ageing"",""pigmentation""]",https://www.cultbeauty.co.uk/images?url=https://static.thcdn.com/productimg/original/14866956-1325171144302986.jpg&format=webp&auto=avif&width=820&height=820&fit=cover&dpr=2,true,true,2026-03-24 19:35:54.336057+00
f71438f2-7aa6-4eff-8de2-c78c542de253,X3M EGF Pure Serum,CLINICCARE,Treat,,professional_web,https://www.4tmedical.com/product/skincare/cliniccare-home-skincare/cliniccare-egf-extra-anti-inflammation-serum/,"A repairing serum for inflammatory and acne-prone skin. Contains Niacinamide and Ol-Oligopeptide-1 to reduce inflammation, control sebum and support skin barrier recovery while delivering deep hydration.",Apply 2-3 drops to clean skin after cleansing. Pat gently into skin until absorbed. Follow with moisturiser.,"Niacinamide, Low Molecular Weight Hyaluronic Acid (22mg/ml), Ol-Oligopeptide-1",Patch test recommended. Avoid on broken skin.,true,true,"[""Oily"",""Combination""]","[""acne"",""redness"",""barrier damage"",""dehydration""]",https://www.4tmedical.com/wp-content/uploads/2025/04/CC-Pure-Serum-2025.jpg,true,true,2026-03-25 17:00:46.747429+00
f72b467e-5e27-49e4-ad07-464f33cdaf65,Crystal Retinal 1,Medik8,Treat,,retail,https://www.lookfantastic.com/p/medik8-crystal-retinal-1-serum-30ml/12097971/,,"Apply two pumps to face and neck in the evening after cleansing. Allow to absorb, then follow with moisturiser. Phase in gradually — use twice a week for two weeks, then every other night, then nightly.","Retinaldehyde 0.01%, Hyaluronic Acid, Glycerin, Vitamin E, Carrot Seed Oil",Avoid during pregnancy and breastfeeding. Always use SPF the following morning. Do not use with other retinoids.,false,false,"[""dry"",""oily"",""combination"",""normal""]","[""ageing"",""pigmentation"",""acne""]",https://scdn.speedsize.com/fd01c063-4aa1-453d-b317-e8f709b2bfe7/www.medik8.com/cdn/shop/files/20230922_-_PDP_Asset_1_-_Crystal_Retinal_1_-_Packshot_-_ROW_05ac2f78-bda6-4a79-8fcc-1104e08d4df6.jpg?v=1773418581&width=1024,true,true,2026-03-24 19:35:55.45927+00
fe9ef0e6-9bde-4372-be3c-236e256f5ca9,X3M EGF Glow Essence,CLINICCARE,Treat,,professional_web,https://www.4tmedical.com/product/skincare/cliniccare-home-skincare/cliniccare-egf-extra-anti-pigmentation-essence/,"An energising anti-pigmentation essence that refreshes, protects and hydrates the skin. Contains Arbutin to limit melanin production and reduce visible pigmentation alongside powerful antioxidants from Yuzu and Mulberry Extract.",Apply to clean skin after cleansing. Pat gently over face and neck until absorbed. Follow with moisturiser.,"Arbutin, Yuzu Fruit Extract, Mulberry Bark Extract, Low Molecular Weight Hyaluronic Acid",Patch test recommended for sensitive skin,false,false,"[""Normal"",""Combination"",""Dry""]","[""pigmentation"",""ageing"",""dehydration""]",https://www.4tmedical.com/wp-content/uploads/2025/04/CC-Glow-Essence-2025.jpg,true,true,2026-03-25 17:00:46.747429+00
feecd21c-8cd0-4345-8840-968f0284f180,Gentle Cleanser,Dr.unk Brand,cleanse,,retail,,,,,,,,[],[],,false,false,2026-03-26 21:51:09.661687+00
ffc06a66-4f37-49d6-bda4-8cf4e659606e,SA Smoothing Cleanser,CeraVe,Cleanse,,retail,https://www.lookfantastic.com/p/cerave-sa-smoothing-cleanser-236ml/12752235/,,Apply to damp skin morning and evening. Massage gently and rinse thoroughly. Follow with SPF in the morning.,"Salicylic Acid, Ceramides, Hyaluronic Acid, Niacinamide",Avoid contact with eyes. Use SPF as salicylic acid increases photosensitivity.,false,false,"[""oily"",""combination""]","[""acne"",""barrier damage""]",https://www.cerave.co.uk/-/media/project/loreal/brand-sites/cerave/emea/uk/products/sa-smoothing-cleanser-236ml/sa-smoothing-cleanser-473ml-2-lg.jpg?rev=-1?w=500&hash=46E36ADEE5D13444F7BFD197CAE67A4A,true,true,2026-03-24 19:35:53.165584+00